Id,class_0,class_1
00eed32682bb,0.9849736,0.015026416
010ebe33f668,0.9849736,0.015026416
02fa521e1838,0.9849736,0.015026416
040e15f562a2,0.9849736,0.015026416
046e85c7cc7f,0.9849736,0.015026416
